date,prediction
2022-02-18 00:30:00,110.28129
2022-02-18 01:00:00,111.71412
2022-02-18 01:30:00,110.68662
2022-02-18 02:00:00,110.256004
2022-02-18 02:30:00,109.31072
2022-02-18 03:00:00,110.00064
2022-02-18 03:30:00,108.30513
2022-02-18 04:00:00,109.75601
2022-02-18 04:30:00,109.29781
2022-02-18 05:00:00,109.75086
2022-02-18 05:30:00,108.34756
2022-02-18 06:00:00,109.813896
2022-02-19 06:30:00,91.68705
2022-02-19 07:00:00,91.46429
2022-02-19 07:30:00,92.0194
2022-02-19 08:00:00,91.48508
2022-02-19 08:30:00,92.16257
2022-02-19 09:00:00,90.94929
2022-02-19 09:30:00,90.986664
2022-02-19 10:00:00,92.462204
2022-02-19 10:30:00,89.6555
2022-02-19 11:00:00,88.914276
2022-02-19 11:30:00,91.122795
2022-02-19 12:00:00,92.5936
2022-02-20 12:30:00,107.25383
2022-02-20 13:00:00,108.001175
2022-02-20 13:30:00,107.129715
2022-02-20 14:00:00,105.55873
2022-02-20 14:30:00,105.36441
2022-02-20 15:00:00,105.38408
2022-02-20 15:30:00,105.47121
2022-02-20 16:00:00,106.039345
2022-02-20 16:30:00,104.07029
2022-02-20 17:00:00,103.74973
2022-02-20 17:30:00,106.01268
2022-02-20 18:00:00,106.37644
2022-02-21 18:30:00,137.67519
2022-02-21 19:00:00,140.30283
2022-02-21 19:30:00,137.55704
2022-02-21 20:00:00,135.25755
2022-02-21 20:30:00,134.53615
2022-02-21 21:00:00,137.77286
2022-02-21 21:30:00,135.42061
2022-02-21 22:00:00,136.75914
2022-02-21 22:30:00,134.43054
2022-02-21 23:00:00,136.85857
2022-02-21 23:30:00,135.7161
2022-02-22 00:00:00,137.82993
2022-02-23 00:30:00,118.397835
2022-02-23 01:00:00,120.315216
2022-02-23 01:30:00,118.07802
2022-02-23 02:00:00,116.361626
2022-02-23 02:30:00,115.65866
2022-02-23 03:00:00,117.65981
2022-02-23 03:30:00,117.05327
2022-02-23 04:00:00,117.49605
2022-02-23 04:30:00,114.75481
2022-02-23 05:00:00,116.046844
2022-02-23 05:30:00,116.23062
2022-02-23 06:00:00,117.52115
2022-02-24 06:30:00,110.7076
2022-02-24 07:00:00,112.134
2022-02-24 07:30:00,110.86624
2022-02-24 08:00:00,109.95842
2022-02-24 08:30:00,108.319855
2022-02-24 09:00:00,110.06105
2022-02-24 09:30:00,109.66241
2022-02-24 10:00:00,109.09639
2022-02-24 10:30:00,108.099075
2022-02-24 11:00:00,108.12285
2022-02-24 11:30:00,109.781006
2022-02-24 12:00:00,110.31101
2022-02-25 12:30:00,68.43281
2022-02-25 13:00:00,68.8798
2022-02-25 13:30:00,68.873245
2022-02-25 14:00:00,69.06291
2022-02-25 14:30:00,67.86448
2022-02-25 15:00:00,67.871025
2022-02-25 15:30:00,69.04147
2022-02-25 16:00:00,69.71906
2022-02-25 16:30:00,68.07647
2022-02-25 17:00:00,69.894455
2022-02-25 17:30:00,70.549484
2022-02-25 18:00:00,71.12453
2022-02-26 18:30:00,38.933746
2022-02-26 19:00:00,38.82488
2022-02-26 19:30:00,38.98429
2022-02-26 20:00:00,39.18571
2022-02-26 20:30:00,37.602066
2022-02-26 21:00:00,38.13559
2022-02-26 21:30:00,39.229076
2022-02-26 22:00:00,37.33969
2022-02-26 22:30:00,38.61759
2022-02-26 23:00:00,37.74173
2022-02-26 23:30:00,39.408417
2022-02-27 00:00:00,38.501797
2022-02-28 00:30:00,34.24308
2022-02-28 01:00:00,34.360016
2022-02-28 01:30:00,34.150257
2022-02-28 02:00:00,34.041992
2022-02-28 02:30:00,33.851547
2022-02-28 03:00:00,34.016563
2022-02-28 03:30:00,33.948456
2022-02-28 04:00:00,33.887283
2022-02-28 04:30:00,33.692387
2022-02-28 05:00:00,33.697594
2022-02-28 05:30:00,33.735596
2022-02-28 06:00:00,33.854195
2022-03-01 06:30:00,33.23498
2022-03-01 07:00:00,33.38095
2022-03-01 07:30:00,33.232155
2022-03-01 08:00:00,33.167007
2022-03-01 08:30:00,33.094486
2022-03-01 09:00:00,33.128857
2022-03-01 09:30:00,33.078133
2022-03-01 10:00:00,32.997437
2022-03-01 10:30:00,32.93602
2022-03-01 11:00:00,33.006016
2022-03-01 11:30:00,33.001015
2022-03-01 12:00:00,33.025066
2022-03-02 12:30:00,31.507421
2022-03-02 13:00:00,31.696497
2022-03-02 13:30:00,31.38077
2022-03-02 14:00:00,31.30892
2022-03-02 14:30:00,31.297726
2022-03-02 15:00:00,31.501392
2022-03-02 15:30:00,31.345182
2022-03-02 16:00:00,31.171371
2022-03-02 16:30:00,31.023205
2022-03-02 17:00:00,31.049784
2022-03-02 17:30:00,31.148678
2022-03-02 18:00:00,31.165918
2022-03-03 18:30:00,25.735117
2022-03-03 19:00:00,25.890762
2022-03-03 19:30:00,25.812592
2022-03-03 20:00:00,25.712507
2022-03-03 20:30:00,25.813185
2022-03-03 21:00:00,25.855797
2022-03-03 21:30:00,25.639553
2022-03-03 22:00:00,25.808956
2022-03-03 22:30:00,25.524931
2022-03-03 23:00:00,25.716131
2022-03-03 23:30:00,25.619783
2022-03-04 00:00:00,25.657623
2022-03-05 00:30:00,24.628645
2022-03-05 01:00:00,24.617054
2022-03-05 01:30:00,24.627863
2022-03-05 02:00:00,24.670776
2022-03-05 02:30:00,24.74918
2022-03-05 03:00:00,24.700232
2022-03-05 03:30:00,24.641422
2022-03-05 04:00:00,24.605207
2022-03-05 04:30:00,24.62095
2022-03-05 05:00:00,24.603767
2022-03-05 05:30:00,24.514334
2022-03-05 06:00:00,24.443506
2022-03-06 06:30:00,23.888277
2022-03-06 07:00:00,23.819595
2022-03-06 07:30:00,23.896791
2022-03-06 08:00:00,23.93932
2022-03-06 08:30:00,23.991129
2022-03-06 09:00:00,23.892664
2022-03-06 09:30:00,23.91619
2022-03-06 10:00:00,23.83697
2022-03-06 10:30:00,23.879507
2022-03-06 11:00:00,23.844292
2022-03-06 11:30:00,23.839737
2022-03-06 12:00:00,23.684666
2022-03-07 12:30:00,23.022703
2022-03-07 13:00:00,22.97788
2022-03-07 13:30:00,23.034805
2022-03-07 14:00:00,23.098095
2022-03-07 14:30:00,23.174866
2022-03-07 15:00:00,23.023209
2022-03-07 15:30:00,23.009714
2022-03-07 16:00:00,22.981195
2022-03-07 16:30:00,23.036541
2022-03-07 17:00:00,23.072155
2022-03-07 17:30:00,22.954872
2022-03-07 18:00:00,22.869919
2022-03-08 18:30:00,22.414097
2022-03-08 19:00:00,22.285355
2022-03-08 19:30:00,22.361025
2022-03-08 20:00:00,22.36862
2022-03-08 20:30:00,22.482502
2022-03-08 21:00:00,22.391846
2022-03-08 21:30:00,22.322208
2022-03-08 22:00:00,22.28588
2022-03-08 22:30:00,22.40937
2022-03-08 23:00:00,22.214876
2022-03-08 23:30:00,22.146145
2022-03-09 00:00:00,22.045637
2022-03-10 00:30:00,21.455286
2022-03-10 01:00:00,21.383205
2022-03-10 01:30:00,21.437614
2022-03-10 02:00:00,21.50716
2022-03-10 02:30:00,21.68042
2022-03-10 03:00:00,21.550222
2022-03-10 03:30:00,21.519295
2022-03-10 04:00:00,21.543255
2022-03-10 04:30:00,21.548878
2022-03-10 05:00:00,21.544123
2022-03-10 05:30:00,21.471415
2022-03-10 06:00:00,21.333464
2022-03-11 06:30:00,20.98753
2022-03-11 07:00:00,20.966537
2022-03-11 07:30:00,21.0454
2022-03-11 08:00:00,21.108427
2022-03-11 08:30:00,21.19078
2022-03-11 09:00:00,20.98471
2022-03-11 09:30:00,21.000551
2022-03-11 10:00:00,21.019545
2022-03-11 10:30:00,20.968239
2022-03-11 11:00:00,20.965
2022-03-11 11:30:00,20.982676
2022-03-11 12:00:00,20.7524
2022-03-12 12:30:00,20.78467
2022-03-12 13:00:00,20.664333
2022-03-12 13:30:00,20.790169
2022-03-12 14:00:00,20.862
2022-03-12 14:30:00,20.99658
2022-03-12 15:00:00,20.783659
2022-03-12 15:30:00,20.74055
2022-03-12 16:00:00,20.783215
2022-03-12 16:30:00,20.833366
2022-03-12 17:00:00,20.764767
2022-03-12 17:30:00,20.693335
2022-03-12 18:00:00,20.534138
2022-03-13 18:30:00,20.710224
2022-03-13 19:00:00,20.627516
2022-03-13 19:30:00,20.746424
2022-03-13 20:00:00,20.844402
2022-03-13 20:30:00,20.950737
2022-03-13 21:00:00,20.7445
2022-03-13 21:30:00,20.741228
2022-03-13 22:00:00,20.731892
2022-03-13 22:30:00,20.802841
2022-03-13 23:00:00,20.76523
2022-03-13 23:30:00,20.70849
2022-03-14 00:00:00,20.521204
2022-03-15 00:30:00,21.446465
2022-03-15 01:00:00,21.522257
2022-03-15 01:30:00,21.510149
2022-03-15 02:00:00,21.880474
2022-03-15 02:30:00,21.363485
2022-03-15 03:00:00,21.49956
2022-03-15 03:30:00,21.728811
2022-03-15 04:00:00,21.23858
2022-03-15 04:30:00,21.614113
2022-03-15 05:00:00,22.061255
2022-03-15 05:30:00,21.763395
2022-03-15 06:00:00,21.500431
2022-03-16 06:30:00,20.288528
2022-03-16 07:00:00,20.158436
2022-03-16 07:30:00,20.27659
2022-03-16 08:00:00,20.480242
2022-03-16 08:30:00,20.570288
2022-03-16 09:00:00,20.369143
2022-03-16 09:30:00,20.400051
2022-03-16 10:00:00,20.350002
2022-03-16 10:30:00,20.437075
2022-03-16 11:00:00,20.397127
2022-03-16 11:30:00,20.34877
2022-03-16 12:00:00,20.19239
2022-03-17 12:30:00,21.904707
2022-03-17 13:00:00,21.814312
2022-03-17 13:30:00,21.979021
2022-03-17 14:00:00,21.952251
2022-03-17 14:30:00,22.265589
2022-03-17 15:00:00,22.096895
2022-03-17 15:30:00,21.90335
2022-03-17 16:00:00,22.13487
2022-03-17 16:30:00,22.02049
2022-03-17 17:00:00,22.125658
2022-03-17 17:30:00,21.800493
2022-03-17 18:00:00,21.894314
2022-03-18 18:30:00,20.171764
2022-03-18 19:00:00,20.01455
2022-03-18 19:30:00,20.231003
2022-03-18 20:00:00,20.347204
2022-03-18 20:30:00,20.315037
2022-03-18 21:00:00,20.091253
2022-03-18 21:30:00,20.193363
2022-03-18 22:00:00,20.0307
2022-03-18 22:30:00,20.21131
2022-03-18 23:00:00,20.190598
2022-03-18 23:30:00,20.08797
2022-03-19 00:00:00,19.864838
2022-03-20 00:30:00,20.287514
2022-03-20 01:00:00,20.266613
2022-03-20 01:30:00,20.330004
2022-03-20 02:00:00,20.45011
2022-03-20 02:30:00,20.583626
2022-03-20 03:00:00,20.371202
2022-03-20 03:30:00,20.450811
2022-03-20 04:00:00,20.293829
2022-03-20 04:30:00,20.461138
2022-03-20 05:00:00,20.340664
2022-03-20 05:30:00,20.342785
2022-03-20 06:00:00,20.129496
2022-03-21 06:30:00,20.080566
2022-03-21 07:00:00,20.03905
2022-03-21 07:30:00,20.17952
2022-03-21 08:00:00,20.277239
2022-03-21 08:30:00,20.395916
2022-03-21 09:00:00,20.168463
2022-03-21 09:30:00,20.212736
2022-03-21 10:00:00,20.176785
2022-03-21 10:30:00,20.228912
2022-03-21 11:00:00,20.206121
2022-03-21 11:30:00,20.147657
2022-03-21 12:00:00,19.928553
2022-03-22 12:30:00,19.799753
2022-03-22 13:00:00,19.701323
2022-03-22 13:30:00,19.889404
2022-03-22 14:00:00,20.005167
2022-03-22 14:30:00,20.061628
2022-03-22 15:00:00,19.933126
2022-03-22 15:30:00,19.903639
2022-03-22 16:00:00,19.885624
2022-03-22 16:30:00,19.987545
2022-03-22 17:00:00,19.946306
2022-03-22 17:30:00,19.849455
2022-03-22 18:00:00,19.683077
2022-03-23 18:30:00,20.618813
2022-03-23 19:00:00,20.525816
2022-03-23 19:30:00,20.656067
2022-03-23 20:00:00,20.801582
2022-03-23 20:30:00,20.893572
2022-03-23 21:00:00,20.68315
2022-03-23 21:30:00,20.685848
2022-03-23 22:00:00,20.68802
2022-03-23 22:30:00,20.750717
2022-03-23 23:00:00,20.695566
2022-03-23 23:30:00,20.65126
2022-03-24 00:00:00,20.42978
2022-03-25 00:30:00,19.595703
2022-03-25 01:00:00,19.466587
2022-03-25 01:30:00,19.594585
2022-03-25 02:00:00,19.708614
2022-03-25 02:30:00,19.833445
2022-03-25 03:00:00,19.610823
2022-03-25 03:30:00,19.65051
2022-03-25 04:00:00,19.612688
2022-03-25 04:30:00,19.706861
2022-03-25 05:00:00,19.647476
2022-03-25 05:30:00,19.681026
2022-03-25 06:00:00,19.486202
2022-03-26 06:30:00,19.86902
2022-03-26 07:00:00,19.757313
2022-03-26 07:30:00,19.89736
2022-03-26 08:00:00,19.928322
2022-03-26 08:30:00,20.122309
2022-03-26 09:00:00,19.861637
2022-03-26 09:30:00,19.899494
2022-03-26 10:00:00,19.861979
2022-03-26 10:30:00,19.933537
2022-03-26 11:00:00,20.00365
2022-03-26 11:30:00,19.744762
2022-03-26 12:00:00,19.68365
2022-03-27 12:30:00,19.586008
2022-03-27 13:00:00,19.465126
2022-03-27 13:30:00,19.586418
2022-03-27 14:00:00,19.696674
2022-03-27 14:30:00,19.819017
2022-03-27 15:00:00,19.648607
2022-03-27 15:30:00,19.622898
2022-03-27 16:00:00,19.589031
2022-03-27 16:30:00,19.68555
2022-03-27 17:00:00,19.67819
2022-03-27 17:30:00,19.530037
2022-03-27 18:00:00,19.399078
2022-03-28 18:30:00,19.749176
2022-03-28 19:00:00,19.651215
2022-03-28 19:30:00,19.745571
2022-03-28 20:00:00,19.881207
2022-03-28 20:30:00,20.04967
2022-03-28 21:00:00,19.82809
2022-03-28 21:30:00,19.78586
2022-03-28 22:00:00,19.777533
2022-03-28 22:30:00,19.90257
2022-03-28 23:00:00,19.9138
2022-03-28 23:30:00,19.744059
2022-03-29 00:00:00,19.646198
2022-03-30 00:30:00,19.635744
2022-03-30 01:00:00,19.550568
2022-03-30 01:30:00,19.647501
2022-03-30 02:00:00,19.775694
2022-03-30 02:30:00,19.870451
2022-03-30 03:00:00,19.74162
2022-03-30 03:30:00,19.682629
2022-03-30 04:00:00,19.662312
2022-03-30 04:30:00,19.765764
2022-03-30 05:00:00,19.73987
2022-03-30 05:30:00,19.620722
2022-03-30 06:00:00,19.472307
2022-03-31 06:30:00,21.49212
2022-03-31 07:00:00,21.457361
2022-03-31 07:30:00,21.325613
2022-03-31 08:00:00,21.464426
2022-03-31 08:30:00,21.61329
2022-03-31 09:00:00,21.42901
2022-03-31 09:30:00,21.386602
2022-03-31 10:00:00,21.12869
2022-03-31 10:30:00,21.420803
2022-03-31 11:00:00,21.427074
2022-03-31 11:30:00,21.29915
2022-03-31 12:00:00,21.121838
2022-04-01 12:30:00,20.422363
2022-04-01 13:00:00,20.398804
2022-04-01 13:30:00,20.396027
2022-04-01 14:00:00,20.445961
2022-04-01 14:30:00,20.539955
2022-04-01 15:00:00,20.397135
2022-04-01 15:30:00,20.374088
2022-04-01 16:00:00,20.445768
2022-04-01 16:30:00,20.450163
2022-04-01 17:00:00,20.556633
2022-04-01 17:30:00,20.294243
2022-04-01 18:00:00,20.26543
2022-04-02 18:30:00,21.756983
2022-04-02 19:00:00,21.683361
2022-04-02 19:30:00,21.770536
2022-04-02 20:00:00,21.855982
2022-04-02 20:30:00,21.892282
2022-04-02 21:00:00,21.775648
2022-04-02 21:30:00,21.841034
2022-04-02 22:00:00,21.812826
2022-04-02 22:30:00,21.752117
2022-04-02 23:00:00,21.77914
2022-04-02 23:30:00,21.742714
2022-04-03 00:00:00,21.571257
2022-04-04 00:30:00,20.986172
2022-04-04 01:00:00,20.901701
2022-04-04 01:30:00,20.963512
2022-04-04 02:00:00,21.0744
2022-04-04 02:30:00,21.17501
2022-04-04 03:00:00,20.974125
2022-04-04 03:30:00,20.973711
2022-04-04 04:00:00,20.919765
2022-04-04 04:30:00,21.004194
2022-04-04 05:00:00,20.937878
2022-04-04 05:30:00,20.875654
2022-04-04 06:00:00,20.73598
2022-04-05 06:30:00,43.18223
2022-04-05 07:00:00,43.483475
2022-04-05 07:30:00,43.112717
2022-04-05 08:00:00,43.487385
2022-04-05 08:30:00,44.04264
2022-04-05 09:00:00,43.78773
2022-04-05 09:30:00,44.340218
2022-04-05 10:00:00,43.46873
2022-04-05 10:30:00,43.342663
2022-04-05 11:00:00,43.93302
2022-04-05 11:30:00,44.097748
2022-04-05 12:00:00,44.137905
2022-04-06 12:30:00,61.650288
2022-04-06 13:00:00,61.23539
2022-04-06 13:30:00,60.964516
2022-04-06 14:00:00,59.071598
2022-04-06 14:30:00,60.86158
2022-04-06 15:00:00,61.289413
2022-04-06 15:30:00,61.12082
2022-04-06 16:00:00,61.860157
2022-04-06 16:30:00,60.658203
2022-04-06 17:00:00,60.575527
2022-04-06 17:30:00,60.564735
2022-04-06 18:00:00,62.68479
2022-04-07 18:30:00,105.438934
2022-04-07 19:00:00,104.83754
2022-04-07 19:30:00,108.27281
2022-04-07 20:00:00,107.157814
2022-04-07 20:30:00,107.42246
2022-04-07 21:00:00,103.619354
2022-04-07 21:30:00,103.745804
2022-04-07 22:00:00,106.32895
2022-04-07 22:30:00,103.675964
2022-04-07 23:00:00,101.574356
2022-04-07 23:30:00,106.78597
2022-04-08 00:00:00,106.61231
2022-04-09 00:30:00,90.45705
2022-04-09 01:00:00,91.312004
2022-04-09 01:30:00,90.24075
2022-04-09 02:00:00,89.34876
2022-04-09 02:30:00,88.48094
2022-04-09 03:00:00,89.458046
2022-04-09 03:30:00,89.08475
2022-04-09 04:00:00,88.94337
2022-04-09 04:30:00,88.21598
2022-04-09 05:00:00,88.25486
2022-04-09 05:30:00,88.77011
2022-04-09 06:00:00,89.871666
2022-04-10 06:30:00,79.44932
2022-04-10 07:00:00,80.02481
2022-04-10 07:30:00,79.13599
2022-04-10 08:00:00,78.38326
2022-04-10 08:30:00,77.573166
2022-04-10 09:00:00,78.46311
2022-04-10 09:30:00,78.24957
2022-04-10 10:00:00,78.06187
2022-04-10 10:30:00,77.37051
2022-04-10 11:00:00,77.44709
2022-04-10 11:30:00,77.977554
2022-04-10 12:00:00,78.7666
2022-04-11 12:30:00,51.809444
2022-04-11 13:00:00,51.82083
2022-04-11 13:30:00,52.32268
2022-04-11 14:00:00,52.004063
2022-04-11 14:30:00,51.530354
2022-04-11 15:00:00,51.770935
2022-04-11 15:30:00,51.595684
2022-04-11 16:00:00,53.400715
2022-04-11 16:30:00,51.415394
2022-04-11 17:00:00,52.55317
2022-04-11 17:30:00,52.275837
2022-04-11 18:00:00,53.63865
2022-04-12 18:30:00,33.472763
2022-04-12 19:00:00,33.41228
2022-04-12 19:30:00,33.389095
2022-04-12 20:00:00,33.24004
2022-04-12 20:30:00,33.29291
2022-04-12 21:00:00,33.318558
2022-04-12 21:30:00,33.10659
2022-04-12 22:00:00,33.43676
2022-04-12 22:30:00,33.113564
2022-04-12 23:00:00,33.27412
2022-04-12 23:30:00,33.073402
2022-04-13 00:00:00,33.249935
2022-04-14 00:30:00,25.247236
2022-04-14 01:00:00,25.01555
2022-04-14 01:30:00,25.249983
2022-04-14 02:00:00,25.26416
2022-04-14 02:30:00,24.891474
2022-04-14 03:00:00,24.814827
2022-04-14 03:30:00,24.932583
2022-04-14 04:00:00,24.873066
2022-04-14 04:30:00,25.17542
2022-04-14 05:00:00,25.076471
2022-04-14 05:30:00,25.027039
2022-04-14 06:00:00,24.916702
2022-04-15 06:30:00,27.042322
2022-04-15 07:00:00,26.931313
2022-04-15 07:30:00,26.924988
2022-04-15 08:00:00,26.823229
2022-04-15 08:30:00,27.054543
2022-04-15 09:00:00,27.06319
2022-04-15 09:30:00,27.066563
2022-04-15 10:00:00,27.038548
2022-04-15 10:30:00,26.956116
2022-04-15 11:00:00,26.922897
2022-04-15 11:30:00,26.769484
2022-04-15 12:00:00,26.926048
2022-04-16 12:30:00,26.729387
2022-04-16 13:00:00,26.704103
2022-04-16 13:30:00,26.731684
2022-04-16 14:00:00,26.772188
2022-04-16 14:30:00,26.725426
2022-04-16 15:00:00,26.667076
2022-04-16 15:30:00,26.622057
2022-04-16 16:00:00,26.606249
2022-04-16 16:30:00,26.576584
2022-04-16 17:00:00,26.582373
2022-04-16 17:30:00,26.498987
2022-04-16 18:00:00,26.460701
2022-04-17 18:30:00,25.620829
2022-04-17 19:00:00,25.540833
2022-04-17 19:30:00,25.594973
2022-04-17 20:00:00,25.588465
2022-04-17 20:30:00,25.673895
2022-04-17 21:00:00,25.535625
2022-04-17 21:30:00,25.505621
2022-04-17 22:00:00,25.54891
2022-04-17 22:30:00,25.48361
2022-04-17 23:00:00,25.478302
2022-04-17 23:30:00,25.40523
2022-04-18 00:00:00,25.357592
2022-04-19 00:30:00,25.357689
2022-04-19 01:00:00,25.365202
2022-04-19 01:30:00,25.346983
2022-04-19 02:00:00,25.378075
2022-04-19 02:30:00,25.511015
2022-04-19 03:00:00,25.40536
2022-04-19 03:30:00,25.280512
2022-04-19 04:00:00,25.36275
2022-04-19 04:30:00,25.362436
2022-04-19 05:00:00,25.323036
2022-04-19 05:30:00,25.18895
2022-04-19 06:00:00,25.165678
2022-04-20 06:30:00,22.274765
2022-04-20 07:00:00,22.187363
2022-04-20 07:30:00,22.14054
2022-04-20 08:00:00,22.144873
2022-04-20 08:30:00,22.272818
2022-04-20 09:00:00,22.18236
2022-04-20 09:30:00,22.217941
2022-04-20 10:00:00,22.358212
2022-04-20 10:30:00,22.006592
2022-04-20 11:00:00,22.118816
2022-04-20 11:30:00,22.029272
2022-04-20 12:00:00,22.018133
2022-04-21 12:30:00,21.243374
2022-04-21 13:00:00,21.059393
2022-04-21 13:30:00,21.176025
2022-04-21 14:00:00,21.219894
2022-04-21 14:30:00,21.364481
2022-04-21 15:00:00,21.19221
2022-04-21 15:30:00,21.238766
2022-04-21 16:00:00,21.2234
2022-04-21 16:30:00,21.299335
2022-04-21 17:00:00,21.186733
2022-04-21 17:30:00,21.08476
2022-04-21 18:00:00,20.951189
2022-04-22 18:30:00,21.057398
2022-04-22 19:00:00,20.922213
2022-04-22 19:30:00,21.092628
2022-04-22 20:00:00,21.115505
2022-04-22 20:30:00,21.234158
2022-04-22 21:00:00,21.04211
2022-04-22 21:30:00,21.097876
2022-04-22 22:00:00,21.12352
2022-04-22 22:30:00,21.063257
2022-04-22 23:00:00,21.024694
2022-04-22 23:30:00,20.996626
2022-04-23 00:00:00,20.847612
2022-04-24 00:30:00,20.966867
2022-04-24 01:00:00,20.970274
2022-04-24 01:30:00,20.975674
2022-04-24 02:00:00,21.053299
2022-04-24 02:30:00,21.257303
2022-04-24 03:00:00,21.139141
2022-04-24 03:30:00,20.997498
2022-04-24 04:00:00,21.05973
2022-04-24 04:30:00,21.10417
2022-04-24 05:00:00,21.179483
2022-04-24 05:30:00,20.92568
2022-04-24 06:00:00,20.813108
2022-04-25 06:30:00,25.673904
2022-04-25 07:00:00,33.286095
2022-04-25 07:30:00,27.951736
2022-04-25 08:00:00,27.91471
2022-04-25 08:30:00,34.00854
2022-04-25 09:00:00,38.68628
2022-04-25 09:30:00,33.887947
2022-04-25 10:00:00,36.60695
2022-04-25 10:30:00,33.444042
2022-04-25 11:00:00,41.325523
2022-04-25 11:30:00,33.59084
2022-04-25 12:00:00,35.276505
2022-04-26 12:30:00,28.674158
2022-04-26 13:00:00,25.738262
2022-04-26 13:30:00,27.820219
2022-04-26 14:00:00,29.192852
2022-04-26 14:30:00,28.256058
2022-04-26 15:00:00,26.443312
2022-04-26 15:30:00,29.528313
2022-04-26 16:00:00,30.078926
2022-04-26 16:30:00,27.279203
2022-04-26 17:00:00,26.242538
2022-04-26 17:30:00,26.923477
2022-04-26 18:00:00,26.480495
2022-04-27 18:30:00,23.998098
2022-04-27 19:00:00,23.874567
2022-04-27 19:30:00,23.989626
2022-04-27 20:00:00,23.97969
2022-04-27 20:30:00,23.9948
2022-04-27 21:00:00,23.870209
2022-04-27 21:30:00,23.900211
2022-04-27 22:00:00,23.824818
2022-04-27 22:30:00,23.918543
2022-04-27 23:00:00,23.827532
2022-04-27 23:30:00,23.901424
2022-04-28 00:00:00,23.723639
2022-04-29 00:30:00,22.101065
2022-04-29 01:00:00,22.064365
2022-04-29 01:30:00,22.12425
2022-04-29 02:00:00,22.150223
2022-04-29 02:30:00,22.303076
2022-04-29 03:00:00,22.173819
2022-04-29 03:30:00,22.159424
2022-04-29 04:00:00,22.283052
2022-04-29 04:30:00,22.122707
2022-04-29 05:00:00,22.190346
2022-04-29 05:30:00,22.097107
2022-04-29 06:00:00,22.026981
2022-04-30 06:30:00,22.615215
2022-04-30 07:00:00,22.59966
2022-04-30 07:30:00,22.620653
2022-04-30 08:00:00,22.659283
2022-04-30 08:30:00,22.790236
2022-04-30 09:00:00,22.709415
2022-04-30 09:30:00,22.65671
2022-04-30 10:00:00,22.679798
2022-04-30 10:30:00,22.70881
2022-04-30 11:00:00,22.71436
2022-04-30 11:30:00,22.62785
2022-04-30 12:00:00,22.532955
2022-05-01 12:30:00,22.982395
2022-05-01 13:00:00,22.86623
2022-05-01 13:30:00,22.930891
2022-05-01 14:00:00,22.934368
2022-05-01 14:30:00,23.055244
2022-05-01 15:00:00,22.997356
2022-05-01 15:30:00,22.92444
2022-05-01 16:00:00,22.955551
2022-05-01 16:30:00,22.971039
2022-05-01 17:00:00,22.90009
2022-05-01 17:30:00,22.767551
2022-05-01 18:00:00,22.710419
2022-05-02 18:30:00,21.817024
2022-05-02 19:00:00,21.724545
2022-05-02 19:30:00,21.835804
2022-05-02 20:00:00,21.913578
2022-05-02 20:30:00,21.972666
2022-05-02 21:00:00,21.813225
2022-05-02 21:30:00,21.782547
2022-05-02 22:00:00,21.82775
2022-05-02 22:30:00,21.848097
2022-05-02 23:00:00,21.797363
2022-05-02 23:30:00,21.715117
2022-05-03 00:00:00,21.660486
2022-05-04 00:30:00,20.874165
2022-05-04 01:00:00,20.826616
2022-05-04 01:30:00,20.892618
2022-05-04 02:00:00,20.957258
2022-05-04 02:30:00,21.074793
2022-05-04 03:00:00,20.958662
2022-05-04 03:30:00,20.953033
2022-05-04 04:00:00,20.96085
2022-05-04 04:30:00,20.903246
2022-05-04 05:00:00,20.971016
2022-05-04 05:30:00,20.810741
2022-05-04 06:00:00,20.698355
2022-05-05 06:30:00,20.573679
2022-05-05 07:00:00,20.458912
2022-05-05 07:30:00,20.550606
2022-05-05 08:00:00,20.64772
2022-05-05 08:30:00,20.77211
2022-05-05 09:00:00,20.628395
2022-05-05 09:30:00,20.62692
2022-05-05 10:00:00,20.587593
2022-05-05 10:30:00,20.5852
2022-05-05 11:00:00,20.685091
2022-05-05 11:30:00,20.539421
2022-05-05 12:00:00,20.401024
2022-05-06 12:30:00,20.515522
2022-05-06 13:00:00,20.356262
2022-05-06 13:30:00,20.410181
2022-05-06 14:00:00,20.472185
2022-05-06 14:30:00,20.76424
2022-05-06 15:00:00,20.50643
2022-05-06 15:30:00,20.392544
2022-05-06 16:00:00,20.53248
2022-05-06 16:30:00,20.619286
2022-05-06 17:00:00,20.57089
2022-05-06 17:30:00,20.258032
2022-05-06 18:00:00,20.350714
2022-05-07 18:30:00,20.064053
2022-05-07 19:00:00,20.036976
2022-05-07 19:30:00,20.083817
2022-05-07 20:00:00,20.168055
2022-05-07 20:30:00,20.317764
2022-05-07 21:00:00,20.172916
2022-05-07 21:30:00,20.141275
2022-05-07 22:00:00,20.092413
2022-05-07 22:30:00,20.153423
2022-05-07 23:00:00,20.097763
2022-05-07 23:30:00,19.995165
2022-05-08 00:00:00,19.825184
2022-05-09 00:30:00,19.631224
2022-05-09 01:00:00,19.567675
2022-05-09 01:30:00,19.812296
2022-05-09 02:00:00,19.896534
2022-05-09 02:30:00,19.997791
2022-05-09 03:00:00,19.759808
2022-05-09 03:30:00,19.77669
2022-05-09 04:00:00,19.540913
2022-05-09 04:30:00,20.004608
2022-05-09 05:00:00,19.716154
2022-05-09 05:30:00,19.5507
2022-05-09 06:00:00,19.424118
2022-05-10 06:30:00,19.355976
2022-05-10 07:00:00,19.321074
2022-05-10 07:30:00,19.328371
2022-05-10 08:00:00,19.458014
2022-05-10 08:30:00,19.668728
2022-05-10 09:00:00,19.50541
2022-05-10 09:30:00,19.36783
2022-05-10 10:00:00,19.397793
2022-05-10 10:30:00,19.480257
2022-05-10 11:00:00,19.58267
2022-05-10 11:30:00,19.336689
2022-05-10 12:00:00,19.195858
2022-05-11 12:30:00,19.954193
2022-05-11 13:00:00,19.707855
2022-05-11 13:30:00,20.000238
2022-05-11 14:00:00,20.151321
2022-05-11 14:30:00,20.181692
2022-05-11 15:00:00,19.972961
2022-05-11 15:30:00,20.022032
2022-05-11 16:00:00,20.040937
2022-05-11 16:30:00,20.074396
2022-05-11 17:00:00,20.031452
2022-05-11 17:30:00,19.906534
2022-05-11 18:00:00,19.863306
2022-05-12 18:30:00,19.520782
2022-05-12 19:00:00,19.407429
2022-05-12 19:30:00,19.588425
2022-05-12 20:00:00,19.82591
2022-05-12 20:30:00,19.754694
2022-05-12 21:00:00,19.645502
2022-05-12 21:30:00,19.571499
2022-05-12 22:00:00,19.856676
2022-05-12 22:30:00,19.63483
2022-05-12 23:00:00,19.565918
2022-05-12 23:30:00,19.661627
2022-05-13 00:00:00,19.475649
2022-05-14 00:30:00,19.923584
2022-05-14 01:00:00,19.820484
2022-05-14 01:30:00,19.966488
2022-05-14 02:00:00,20.087872
2022-05-14 02:30:00,20.194714
2022-05-14 03:00:00,19.990997
2022-05-14 03:30:00,19.992884
2022-05-14 04:00:00,19.984169
2022-05-14 04:30:00,20.054447
2022-05-14 05:00:00,20.026646
2022-05-14 05:30:00,19.920412
2022-05-14 06:00:00,19.749788
2022-05-15 06:30:00,19.62224
2022-05-15 07:00:00,19.53136
2022-05-15 07:30:00,19.64884
2022-05-15 08:00:00,19.7551
2022-05-15 08:30:00,19.845684
2022-05-15 09:00:00,19.684792
2022-05-15 09:30:00,19.732218
2022-05-15 10:00:00,19.680462
2022-05-15 10:30:00,19.735027
2022-05-15 11:00:00,19.737047
2022-05-15 11:30:00,19.630005
2022-05-15 12:00:00,19.438606
2022-05-16 12:30:00,19.620462
2022-05-16 13:00:00,19.504164
2022-05-16 13:30:00,19.644823
2022-05-16 14:00:00,19.744446
2022-05-16 14:30:00,19.84794
2022-05-16 15:00:00,19.649778
2022-05-16 15:30:00,19.702616
2022-05-16 16:00:00,19.657106
2022-05-16 16:30:00,19.691154
2022-05-16 17:00:00,19.659193
2022-05-16 17:30:00,19.605614
2022-05-16 18:00:00,19.426472
2022-05-17 18:30:00,21.177004
2022-05-17 19:00:00,20.921486
2022-05-17 19:30:00,21.11602
2022-05-17 20:00:00,21.11741
2022-05-17 20:30:00,20.877039
2022-05-17 21:00:00,20.741976
2022-05-17 21:30:00,21.058784
2022-05-17 22:00:00,20.581303
2022-05-17 22:30:00,20.785948
2022-05-17 23:00:00,20.635815
2022-05-17 23:30:00,20.943
2022-05-18 00:00:00,20.525757
2022-05-19 00:30:00,20.029827
2022-05-19 01:00:00,19.988882
2022-05-19 01:30:00,20.148523
2022-05-19 02:00:00,20.321836
2022-05-19 02:30:00,20.250614
2022-05-19 03:00:00,20.09581
2022-05-19 03:30:00,20.017298
2022-05-19 04:00:00,20.132483
2022-05-19 04:30:00,20.183428
2022-05-19 05:00:00,20.19201
2022-05-19 05:30:00,20.009178
2022-05-19 06:00:00,19.825186
2022-05-20 06:30:00,71.947426
2022-05-20 07:00:00,71.743515
2022-05-20 07:30:00,73.98382
2022-05-20 08:00:00,72.16298
2022-05-20 08:30:00,73.363106
2022-05-20 09:00:00,71.13574
2022-05-20 09:30:00,72.57349
2022-05-20 10:00:00,73.768585
2022-05-20 10:30:00,74.14915
2022-05-20 11:00:00,69.852745
2022-05-20 11:30:00,73.84599
2022-05-20 12:00:00,74.67627
2022-05-21 12:30:00,26.332958
2022-05-21 13:00:00,20.95551
2022-05-21 13:30:00,22.739758
2022-05-21 14:00:00,19.811823
2022-05-21 14:30:00,23.390041
2022-05-21 15:00:00,25.15213
2022-05-21 15:30:00,13.796214
2022-05-21 16:00:00,23.911352
2022-05-21 16:30:00,23.117466
2022-05-21 17:00:00,27.223936
2022-05-21 17:30:00,13.208377
2022-05-21 18:00:00,23.528366
2022-05-22 18:30:00,21.680494
2022-05-22 19:00:00,21.63448
2022-05-22 19:30:00,21.726612
2022-05-22 20:00:00,21.793827
2022-05-22 20:30:00,21.840698
2022-05-22 21:00:00,21.757326
2022-05-22 21:30:00,21.671194
2022-05-22 22:00:00,21.681654
2022-05-22 22:30:00,21.686182
2022-05-22 23:00:00,21.727697
2022-05-22 23:30:00,21.58625
2022-05-23 00:00:00,21.442736
2022-05-24 00:30:00,28.471003
2022-05-24 01:00:00,27.152956
2022-05-24 01:30:00,29.210506
2022-05-24 02:00:00,29.177246
2022-05-24 02:30:00,29.303514
2022-05-24 03:00:00,27.134724
2022-05-24 03:30:00,28.721157
2022-05-24 04:00:00,28.79753
2022-05-24 04:30:00,28.57355
2022-05-24 05:00:00,27.493052
2022-05-24 05:30:00,29.863123
2022-05-24 06:00:00,28.877462
2022-05-25 06:30:00,22.23258
2022-05-25 07:00:00,22.106947
2022-05-25 07:30:00,22.091944
2022-05-25 08:00:00,22.271545
2022-05-25 08:30:00,22.268082
2022-05-25 09:00:00,22.233076
2022-05-25 09:30:00,22.006044
2022-05-25 10:00:00,22.002062
2022-05-25 10:30:00,22.164448
2022-05-25 11:00:00,22.277557
2022-05-25 11:30:00,21.890493
2022-05-25 12:00:00,21.913874
2022-05-26 12:30:00,21.683361
2022-05-26 13:00:00,21.491238
2022-05-26 13:30:00,21.670105
2022-05-26 14:00:00,21.794594
2022-05-26 14:30:00,21.7013
2022-05-26 15:00:00,21.519836
2022-05-26 15:30:00,21.668644
2022-05-26 16:00:00,21.547913
2022-05-26 16:30:00,21.735859
2022-05-26 17:00:00,21.525614
2022-05-26 17:30:00,21.522118
2022-05-26 18:00:00,21.369413
2022-05-27 18:30:00,21.10904
2022-05-27 19:00:00,20.99399
2022-05-27 19:30:00,21.21181
2022-05-27 20:00:00,21.302982
2022-05-27 20:30:00,21.307175
2022-05-27 21:00:00,21.309048
2022-05-27 21:30:00,21.27943
2022-05-27 22:00:00,21.102821
2022-05-27 22:30:00,21.465046
2022-05-27 23:00:00,21.253721
2022-05-27 23:30:00,20.897486
2022-05-28 00:00:00,20.954283
2022-05-29 00:30:00,20.611654
2022-05-29 01:00:00,20.52885
2022-05-29 01:30:00,20.578442
2022-05-29 02:00:00,20.71834
2022-05-29 02:30:00,20.815971
2022-05-29 03:00:00,20.63149
2022-05-29 03:30:00,20.577133
2022-05-29 04:00:00,20.512712
2022-05-29 04:30:00,20.692217
2022-05-29 05:00:00,20.648254
2022-05-29 05:30:00,20.505121
2022-05-29 06:00:00,20.39354
2022-05-30 06:30:00,21.286291
2022-05-30 07:00:00,20.042648
2022-05-30 07:30:00,20.786348
2022-05-30 08:00:00,22.130726
2022-05-30 08:30:00,21.464987
2022-05-30 09:00:00,20.84717
2022-05-30 09:30:00,21.754293
2022-05-30 10:00:00,21.416452
2022-05-30 10:30:00,21.5957
2022-05-30 11:00:00,21.08911
2022-05-30 11:30:00,21.371908
2022-05-30 12:00:00,21.301537
2022-05-31 12:30:00,20.779709
2022-05-31 13:00:00,20.640228
2022-05-31 13:30:00,20.761585
2022-05-31 14:00:00,20.849075
2022-05-31 14:30:00,20.93365
2022-05-31 15:00:00,20.76373
2022-05-31 15:30:00,20.749504
2022-05-31 16:00:00,20.665352
2022-05-31 16:30:00,20.814373
2022-05-31 17:00:00,20.687105
2022-05-31 17:30:00,20.58372
2022-05-31 18:00:00,20.471586
2022-06-01 18:30:00,20.116928
2022-06-01 19:00:00,20.215956
2022-06-01 19:30:00,20.075245
2022-06-01 20:00:00,19.896587
2022-06-01 20:30:00,20.481321
2022-06-01 21:00:00,20.286394
2022-06-01 21:30:00,20.496534
2022-06-01 22:00:00,20.59605
2022-06-01 22:30:00,20.522228
2022-06-01 23:00:00,19.746613
2022-06-01 23:30:00,20.231707
2022-06-02 00:00:00,20.12789
2022-06-03 00:30:00,19.81564
2022-06-03 01:00:00,19.628149
2022-06-03 01:30:00,19.799988
2022-06-03 02:00:00,19.892963
2022-06-03 02:30:00,20.095196
2022-06-03 03:00:00,19.872145
2022-06-03 03:30:00,19.837273
2022-06-03 04:00:00,19.934452
2022-06-03 04:30:00,19.916958
2022-06-03 05:00:00,19.940275
2022-06-03 05:30:00,19.729275
2022-06-03 06:00:00,19.721277
2022-06-04 06:30:00,19.612057
2022-06-04 07:00:00,19.499216
2022-06-04 07:30:00,19.601631
2022-06-04 08:00:00,19.672508
2022-06-04 08:30:00,19.842426
2022-06-04 09:00:00,19.657421
2022-06-04 09:30:00,19.635172
2022-06-04 10:00:00,19.64611
2022-06-04 10:30:00,19.731745
2022-06-04 11:00:00,19.735851
2022-06-04 11:30:00,19.56596
2022-06-04 12:00:00,19.427961
2022-06-05 12:30:00,22.059767
2022-06-05 13:00:00,22.255259
2022-06-05 13:30:00,21.710117
2022-06-05 14:00:00,21.971403
2022-06-05 14:30:00,22.086506
2022-06-05 15:00:00,22.109722
2022-06-05 15:30:00,22.445944
2022-06-05 16:00:00,21.766813
2022-06-05 16:30:00,21.841227
2022-06-05 17:00:00,22.137112
2022-06-05 17:30:00,21.991339
2022-06-05 18:00:00,21.817678
2022-06-06 18:30:00,19.866058
2022-06-06 19:00:00,19.820768
2022-06-06 19:30:00,19.876791
2022-06-06 20:00:00,19.985096
2022-06-06 20:30:00,19.83164
2022-06-06 21:00:00,19.806854
2022-06-06 21:30:00,19.794157
2022-06-06 22:00:00,19.74255
2022-06-06 22:30:00,19.78393
2022-06-06 23:00:00,19.824596
2022-06-06 23:30:00,19.763966
2022-06-07 00:00:00,19.615883
2022-06-08 00:30:00,28.241451
2022-06-08 01:00:00,26.626186
2022-06-08 01:30:00,29.258644
2022-06-08 02:00:00,29.978233
2022-06-08 02:30:00,29.146574
2022-06-08 03:00:00,27.580095
2022-06-08 03:30:00,28.333857
2022-06-08 04:00:00,29.64357
2022-06-08 04:30:00,28.031683
2022-06-08 05:00:00,28.481424
2022-06-08 05:30:00,29.606756
2022-06-08 06:00:00,28.798336
2022-06-09 06:30:00,20.717213
2022-06-09 07:00:00,23.759514
2022-06-09 07:30:00,24.018026
2022-06-09 08:00:00,24.82417
2022-06-09 08:30:00,23.379183
2022-06-09 09:00:00,23.795134
2022-06-09 09:30:00,21.543999
2022-06-09 10:00:00,23.698872
2022-06-09 10:30:00,21.574612
2022-06-09 11:00:00,22.671911
2022-06-09 11:30:00,23.195345
2022-06-09 12:00:00,22.324005
2022-06-10 12:30:00,24.046402
2022-06-10 13:00:00,18.80163
2022-06-10 13:30:00,20.763197
2022-06-10 14:00:00,22.159857
2022-06-10 14:30:00,20.247171
2022-06-10 15:00:00,22.523365
2022-06-10 15:30:00,18.842882
2022-06-10 16:00:00,21.17029
2022-06-10 16:30:00,22.52601
2022-06-10 17:00:00,23.408604
2022-06-10 17:30:00,17.050896
2022-06-10 18:00:00,19.616936
2022-06-11 18:30:00,20.770319
2022-06-11 19:00:00,20.662079
2022-06-11 19:30:00,20.75396
2022-06-11 20:00:00,20.871035
2022-06-11 20:30:00,20.951618
2022-06-11 21:00:00,20.770561
2022-06-11 21:30:00,20.862453
2022-06-11 22:00:00,20.726505
2022-06-11 22:30:00,20.797752
2022-06-11 23:00:00,20.798746
2022-06-11 23:30:00,20.773418
2022-06-12 00:00:00,20.604788
2022-06-13 00:30:00,20.078684
2022-06-13 01:00:00,19.96192
2022-06-13 01:30:00,20.083527
2022-06-13 02:00:00,20.16644
2022-06-13 02:30:00,20.314108
2022-06-13 03:00:00,20.115993
2022-06-13 03:30:00,20.138184
2022-06-13 04:00:00,20.096033
2022-06-13 04:30:00,20.172215
2022-06-13 05:00:00,20.141172
2022-06-13 05:30:00,20.076906
2022-06-13 06:00:00,19.927935
